Date,Close,Close
2015-06-24,43.34177017211914
2015-06-25,42.329681396484375
2015-06-26,42.329681396484375
2015-06-29,41.57745361328125
2015-06-30,41.645835876464844
2015-07-01,42.67158889770508
2015-07-02,44.442745208740234
2015-07-06,43.59477615356445
2015-07-07,42.71946334838867
2015-07-08,40.83207702636719
2015-07-09,40.69529724121094
2015-07-10,41.98775100708008
2015-07-13,42.48012161254883
2015-07-14,42.527992248535156
2015-07-15,42.13821029663086
2015-07-16,42.61689376831055
2015-07-17,42.22710037231445
2015-07-20,42.090335845947266
2015-07-21,40.92780685424805
2015-07-22,41.12611770629883
2015-07-23,40.92780685424805
2015-07-24,40.28499984741211
2015-07-27,39.792625427246094
2015-07-28,40.579044342041016
2015-07-29,40.61323547363281
2015-07-30,42.96564865112305
2015-07-31,43.1229362487793
2015-08-03,43.19814682006836
2015-08-04,42.787841796875
2015-08-05,42.910945892333984
2015-08-06,42.22026443481445
2015-08-07,42.7810173034668
2015-08-10,43.32794189453125
2015-08-11,43.616878509521484
2015-08-12,43.554969787597656
2015-08-13,43.431129455566406
2015-08-14,43.49993896484375
2015-08-17,43.57561492919922
2015-08-18,43.45177459716797
2015-08-19,42.70188522338867
2015-08-20,41.74563217163086
2015-08-21,40.59672927856445
2015-08-24,38.8424186706543
2015-08-25,38.18198013305664
2015-08-26,38.835540771484375
2015-08-27,40.741207122802734
2015-08-28,41.45667266845703
2015-08-31,40.83064270019531
2015-09-01,40.19770812988281
2015-09-02,40.01884460449219
2015-09-03,40.397212982177734
2015-09-04,39.45470428466797
2015-09-08,40.31468200683594
2015-09-09,40.07387924194336
2015-09-10,40.410980224609375
2015-09-11,40.41785430908203
2015-09-14,40.98887252807617
2015-09-15,41.05765914916992
2015-09-16,40.44538116455078
2015-09-17,39.71613693237305
2015-09-18,38.31956481933594
2015-09-21,38.429649353027344
2015-09-22,37.10874938964844
2015-09-23,36.31759262084961
2015-09-24,35.98738098144531
2015-09-25,35.73970413208008
2015-09-28,34.37753677368164
2015-09-29,34.790321350097656
2015-09-30,35.38884353637695
2015-10-01,35.774105072021484
2015-10-02,36.468955993652344
2015-10-05,37.21883010864258
2015-10-06,37.36330795288086
2015-10-07,37.191307067871094
2015-10-08,37.28074645996094
2015-10-09,39.606056213378906
2015-10-12,38.752986907958984
2015-10-13,38.20949172973633
2015-10-14,38.36084747314453
2015-10-15,38.532840728759766
2015-10-16,38.38148880004883
2015-10-19,37.335784912109375
2015-10-20,36.984920501708984
2015-10-21,36.16624069213867
2015-10-22,36.118099212646484
2015-10-23,36.716617584228516
2015-10-26,36.640933990478516
2015-10-27,36.510223388671875
2015-10-28,37.43208694458008
2015-10-29,37.191307067871094
2015-10-30,36.984920501708984
2015-11-02,37.21883010864258
2015-11-03,36.61341094970703
2015-11-04,36.63405990600586
2015-11-05,35.34756851196289
2015-11-06,36.91613006591797
2015-11-09,35.70530700683594
2015-11-10,35.31317138671875
2015-11-11,35.47140121459961
2015-11-12,33.89596939086914
2015-11-13,33.40062713623047
2015-11-16,32.97408676147461
2015-11-17,33.10929489135742
2015-11-18,34.37126922607422
2015-11-19,34.79424285888672
2015-11-20,34.74569320678711
2015-11-23,34.946781158447266
2015-11-24,35.016117095947266
2015-11-25,34.86357498168945
2015-11-27,34.95372009277344
2015-11-30,35.106266021728516
2015-12-01,35.37669372558594
2015-12-02,34.92597579956055
2015-12-03,35.03691482543945
2015-12-04,34.96065902709961
2015-12-07,33.94831466674805
2015-12-08,33.282649993896484
2015-12-09,33.31732177734375
2015-12-10,32.52685546875
2015-12-11,31.729448318481445
2015-12-14,30.613096237182617
2015-12-15,30.210939407348633
2015-12-16,31.147016525268555
2015-12-17,31.112350463867188
2015-12-18,30.571508407592773
2015-12-21,30.841930389404297
2015-12-22,30.536827087402344
2015-12-23,31.55611228942871
2015-12-24,31.55611228942871
2015-12-28,31.639310836791992
2015-12-29,31.80573081970215
2015-12-30,31.729448318481445
2015-12-31,31.63238525390625
2016-01-04,31.563053131103516
2016-01-05,31.542245864868164
2016-01-06,30.668575286865234
2016-01-07,30.36348533630371
2016-01-08,29.073781967163086
2016-01-11,27.56911849975586
2016-01-12,26.591447830200195
2016-01-13,26.32102394104004
2016-01-14,26.695459365844727
2016-01-15,25.690048217773438
2016-01-19,25.280948638916016
2016-01-20,24.99665641784668
2016-01-21,25.246274948120117
2016-01-22,26.168481826782227
2016-01-25,22.264705657958984
2016-01-26,22.24390411376953
2016-01-27,22.60446548461914
2016-01-28,21.945749282836914
2016-01-29,24.46274757385254
2016-02-01,24.275535583496094
2016-02-02,23.131439208984375
2016-02-03,23.096771240234375
2016-02-04,23.87337303161621
2016-02-05,23.159181594848633
2016-02-08,22.32017707824707
2016-02-09,22.666873931884766
2016-02-10,21.9899845123291
2016-02-11,21.000967025756836
2016-02-12,21.76552963256836
2016-02-16,22.102216720581055
2016-02-17,22.943937301635742
2016-02-18,22.957965850830078
2016-02-19,22.137285232543945
2016-02-22,22.691421508789062
2016-02-23,22.852750778198242
2016-02-24,22.663362503051758
2016-02-25,22.740524291992188
2016-02-26,23.5401554107666
2016-02-29,23.687458038330078
2016-03-01,24.830795288085938
2016-03-02,25.882949829101562
2016-03-03,26.430063247680664
2016-03-04,25.784746170043945
2016-03-07,25.420000076293945
2016-03-08,24.802743911743164
2016-03-09,24.971086502075195
2016-03-10,24.578279495239258
2016-03-11,25.925037384033203
2016-03-14,26.668556213378906
2016-03-15,25.967117309570312
2016-03-16,26.64751625061035
2016-03-17,27.629520416259766
2016-03-18,27.657581329345703
2016-03-21,28.134552001953125
2016-03-22,28.19066619873047
2016-03-23,27.496248245239258
2016-03-24,27.026290893554688
2016-03-28,26.97719383239746
2016-03-29,27.327913284301758
2016-03-30,26.829891204833984
2016-03-31,27.37700080871582
2016-04-01,27.496248245239258
2016-04-04,26.54230499267578
2016-04-05,25.581335067749023
2016-04-06,26.198596954345703
2016-04-07,25.953094482421875
2016-04-08,26.08636474609375
2016-04-11,26.11442756652832
2016-04-12,26.61244010925293
2016-04-13,27.433122634887695
2016-04-14,26.871976852416992
2016-04-15,27.089427947998047
2016-04-18,27.362977981567383
2016-04-19,27.91010856628418
2016-04-20,27.741758346557617
2016-04-21,27.643545150756836
2016-04-22,28.57646369934082
2016-04-25,27.875022888183594
2016-04-26,28.618549346923828
2016-04-27,29.20073890686035
2016-04-28,29.2849063873291
2016-04-29,29.355051040649414
2016-05-02,28.98329734802246
2016-05-03,28.0082950592041
2016-05-04,27.586997985839844
2016-05-05,28.457929611206055
2016-05-06,28.960670471191406
2016-05-09,29.435100555419922
2016-05-10,30.044048309326172
2016-05-11,30.29187774658203
2016-05-12,30.10068130493164
2016-05-13,30.13608741760254
2016-05-16,31.145353317260742
2016-05-17,29.84076499938965
2016-05-18,29.392789840698242
2016-05-19,29.07843017578125
2016-05-20,29.785741806030273
2016-05-23,29.90362548828125
2016-05-24,30.406606674194336
2016-05-25,30.964599609375
2016-05-26,30.90172576904297
2016-05-27,31.263240814208984
2016-05-31,31.129636764526367
2016-06-01,31.113908767700195
2016-06-02,31.33397674560547
2016-06-03,31.23180389404297
2016-06-06,31.624757766723633
2016-06-07,31.5618839263916
2016-06-08,31.805511474609375
2016-06-09,31.671905517578125
2016-06-10,30.65023422241211
2016-06-13,29.84076499938965
2016-06-14,29.73857879638672
2016-06-15,30.15511131286621
2016-06-16,30.60308265686035
2016-06-17,31.22394561767578
2016-06-20,32.025569915771484
2016-06-21,32.1434440612793
2016-06-22,31.797643661499023
2016-06-23,32.62284469604492
2016-06-24,30.328012466430664
2016-06-27,28.19035530090332
2016-06-28,29.29061508178711
2016-06-29,29.84861183166504
2016-06-30,30.548059463500977
2016-07-01,30.689537048339844
2016-07-05,29.109865188598633
2016-07-06,29.408498764038086
2016-07-07,29.204174041748047
2016-07-08,30.296573638916016
2016-07-11,30.548059463500977
2016-07-12,31.23180389404297
2016-07-13,31.129636764526367
2016-07-14,31.601165771484375
2016-07-15,33.40875244140625
2016-07-18,33.990318298339844
2016-07-19,33.73098373413086
2016-07-20,34.249671936035156
2016-07-21,34.021759033203125
2016-07-22,33.89601516723633
2016-07-25,33.66809844970703
2016-07-26,34.288970947265625
2016-07-27,33.982460021972656
2016-07-28,33.61309814453125
2016-07-29,33.723106384277344
2016-08-01,32.945072174072266
2016-08-02,32.22990036010742
2016-08-03,32.968658447265625
2016-08-04,34.35969924926758
2016-08-05,34.64263153076172
2016-08-08,34.58760452270508
2016-08-09,34.4461555480957
2016-08-10,34.767189025878906
2016-08-11,35.8848762512207
2016-08-12,35.250732421875
2016-08-15,34.87815475463867
2016-08-16,35.559871673583984
2016-08-17,36.05926513671875
2016-08-18,36.122676849365234
2016-08-19,35.995845794677734
2016-08-22,35.15559768676758
2016-08-23,35.41718673706055
2016-08-24,35.250732421875
2016-08-25,37.31170654296875
2016-08-26,38.08854675292969
2016-08-29,38.51658630371094
2016-08-30,38.476951599121094
2016-08-31,37.96963119506836
2016-09-01,38.45315933227539
2016-09-02,38.48488235473633
2016-09-06,38.70683670043945
2016-09-07,38.905006408691406
2016-09-08,38.19951248168945
2016-09-09,36.851951599121094
2016-09-12,37.48609161376953
2016-09-13,36.90742874145508
2016-09-14,36.43975830078125
2016-09-15,36.8836555480957
2016-09-16,37.82694625854492
2016-09-19,37.78731918334961
2016-09-20,37.44646072387695
2016-09-21,38.27878189086914
2016-09-22,38.33427047729492
2016-09-23,38.36597442626953
2016-09-26,37.80316162109375
2016-09-27,37.73182678222656
2016-09-28,37.84281921386719
2016-09-29,37.501949310302734
2016-09-30,38.429386138916016
2016-10-03,38.215362548828125
2016-10-04,37.94585037231445
2016-10-05,36.89158248901367
2016-10-06,37.6129264831543
2016-10-07,36.859867095947266
2016-10-10,37.240360260009766
2016-10-11,36.19403076171875
2016-10-12,36.46352767944336
2016-10-13,35.710487365722656
2016-10-14,37.026336669921875
2016-10-17,37.72390365600586
2016-10-18,37.8903694152832
2016-10-19,38.56414794921875
2016-10-20,37.184871673583984
2016-10-21,36.81231689453125
2016-10-24,37.42267990112305
2016-10-25,37.224510192871094
2016-10-26,37.216583251953125
2016-10-27,36.7251091003418
2016-10-28,36.590362548828125
2016-10-31,36.6141471862793
2016-11-01,35.91658401489258
2016-11-02,36.328773498535156
2016-11-03,36.16230392456055
2016-11-04,36.740970611572266
2016-11-07,35.8848762512207
2016-11-08,36.21780776977539
2016-11-09,37.80316162109375
2016-11-10,38.350120544433594
2016-11-11,38.0092658996582
2016-11-14,39.17451858520508
2016-11-15,39.356834411621094
2016-11-16,39.665985107421875
2016-11-17,39.7778434753418
2016-11-18,40.16939163208008
2016-11-21,40.32120895385742
2016-11-22,40.53696823120117
2016-11-23,40.64085006713867
2016-11-25,40.840614318847656
2016-11-28,40.688785552978516
2016-11-29,40.66482162475586
2016-11-30,40.91252517700195
2016-12-01,40.688785552978516
2016-12-02,40.760711669921875
2016-12-05,41.168235778808594
2016-12-06,41.368011474609375
2016-12-07,42.183067321777344
2016-12-08,42.1351203918457
2016-12-09,41.911373138427734
2016-12-12,40.808658599853516
2016-12-13,40.84860610961914
2016-12-14,41.12828063964844
2016-12-15,41.8394660949707
2016-12-16,42.12712478637695
2016-12-19,41.79951095581055
2016-12-20,41.93534469604492
2016-12-21,41.8074951171875
2016-12-22,41.17621612548828
2016-12-23,41.463905334472656
2016-12-27,41.76753234863281
2016-12-28,41.17621612548828
2016-12-29,41.240150451660156
2016-12-30,40.568931579589844
2017-01-03,40.928504943847656
2017-01-04,41.543800354003906
2017-01-05,41.735572814941406
2017-01-06,41.94334030151367
2017-01-09,41.711612701416016
2017-01-10,41.61572265625
2017-01-11,41.8953971862793
2017-01-12,41.7195930480957
2017-01-13,41.83146667480469
2017-01-17,41.12028503417969
2017-01-18,41.29608917236328
2017-01-19,40.97645568847656
2017-01-20,41.7195930480957
2017-01-23,42.47871398925781
2017-01-24,43.18989181518555
2017-01-25,44.44443130493164
2017-01-26,43.48555374145508
2017-01-27,43.07801818847656
2017-01-30,42.958152770996094
2017-01-31,42.638526916503906
2017-02-01,42.51866912841797
2017-02-02,42.87825012207031
2017-02-03,43.413631439208984
2017-02-06,43.30976104736328
2017-02-07,43.070037841796875
2017-02-08,43.48865509033203
2017-02-09,42.11202621459961
2017-02-10,42.24888229370117
2017-02-13,42.425994873046875
2017-02-14,43.08612823486328
2017-02-15,43.35984802246094
2017-02-16,43.73822021484375
2017-02-17,42.393795013427734
2017-02-21,43.335697174072266
2017-02-22,42.820465087890625
2017-02-23,42.94123077392578
2017-02-24,43.013675689697266
2017-02-27,43.25518798828125
2017-02-28,43.24714660644531
2017-03-01,43.92338943481445
2017-03-02,43.5128059387207
2017-03-03,43.504764556884766
2017-03-06,41.99126052856445
2017-03-07,40.976905822753906
2017-03-08,41.298919677734375
2017-03-09,41.001060485839844
2017-03-10,41.25061798095703
2017-03-13,41.31502914428711
2017-03-14,40.95275115966797
2017-03-15,41.69340133666992
2017-03-16,42.224727630615234
2017-03-17,42.16838073730469
2017-03-20,42.73995590209961
2017-03-21,41.44383239746094
2017-03-22,42.23278045654297
2017-03-23,42.59505081176758
2017-03-24,42.184486389160156
2017-03-27,41.54043197631836
2017-03-28,42.55480194091797
2017-03-29,41.88660430908203
2017-03-30,42.313289642333984
2017-03-31,41.88660430908203
2017-04-03,41.2425651550293
2017-04-04,41.50019073486328
2017-04-05,41.54043197631836
2017-04-06,41.75780487060547
2017-04-07,41.12181091308594
2017-04-10,41.21036911010742
2017-04-11,41.04936218261719
2017-04-12,40.11551284790039
2017-04-13,39.721038818359375
2017-04-17,40.37311553955078
2017-04-18,40.75953674316406
2017-04-19,42.586997985839844
2017-04-20,42.73191833496094
2017-04-21,42.68360900878906
2017-04-24,43.48865509033203
2017-04-25,43.762386322021484
2017-04-26,43.19078063964844
2017-04-27,43.706016540527344
2017-04-28,43.11833572387695
2017-05-01,43.56110763549805
2017-05-02,43.625518798828125
2017-05-03,43.7877197265625
2017-05-04,43.885040283203125
2017-05-05,44.62309265136719
2017-05-08,44.29056167602539
2017-05-09,43.31731414794922
2017-05-10,43.885040283203125
2017-05-11,44.022918701171875
2017-05-12,43.53629684448242
2017-05-15,43.795814514160156
2017-05-16,43.62551498413086
2017-05-17,42.28730392456055
2017-05-18,41.84124755859375
2017-05-19,42.16565704345703
2017-05-22,42.42517852783203
2017-05-23,42.741485595703125
2017-05-24,44.0472526550293
2017-05-25,44.84205627441406
2017-05-26,44.728519439697266
2017-05-30,44.647422790527344
2017-05-31,44.1364631652832
2017-06-01,44.825843811035156
2017-06-02,44.68797302246094
2017-06-05,44.323001861572266
2017-06-06,43.893157958984375
2017-06-07,45.207027435302734
2017-06-08,44.97993087768555
2017-06-09,46.47224426269531
2017-06-12,46.44791793823242
2017-06-13,46.618228912353516
2017-06-14,46.06672668457031
2017-06-15,46.52089309692383
2017-06-16,46.6263427734375
2017-06-19,46.999420166015625
2017-06-20,46.42359161376953
2017-06-21,46.21270751953125
2017-06-22,46.10727310180664
2017-06-23,46.48035430908203
2017-06-26,46.25326156616211
2017-06-27,46.001834869384766
2017-06-28,45.97750473022461
2017-06-29,45.66931915283203
2017-06-30,45.95318603515625
2017-07-03,46.32625198364258
2017-07-05,46.32625198364258
2017-07-06,45.75041961669922
2017-07-07,46.48035430908203
2017-07-10,47.27516555786133
2017-07-11,46.93453598022461
2017-07-12,47.55091857910156
2017-07-13,48.41062545776367
2017-07-14,48.378177642822266
2017-07-17,48.443058013916016
2017-07-18,47.948333740234375
2017-07-19,48.25651931762695
2017-07-20,47.77801513671875
2017-07-21,47.607696533203125
2017-07-24,47.54281234741211
2017-07-25,47.71311950683594
2017-07-26,47.16161346435547
2017-07-27,47.623905181884766
2017-07-28,46.48847198486328
2017-07-31,46.56956481933594
2017-08-01,46.853431701660156
2017-08-02,46.756107330322266
2017-08-03,45.89640808105469
2017-08-04,46.496559143066406
2017-08-07,46.358699798583984
2017-08-08,45.87207794189453
2017-08-09,45.855743408203125
2017-08-10,45.11244583129883
2017-08-11,45.42283248901367
2017-08-14,46.182472229003906
2017-08-15,45.99460983276367
2017-08-16,46.80324172973633
2017-08-17,45.79856872558594
2017-08-18,45.9782600402832
2017-08-21,44.377315521240234
2017-08-22,44.78572463989258
2017-08-23,44.59785079956055
2017-08-24,44.66320037841797
2017-08-25,45.11244583129883
2017-08-28,45.06343460083008
2017-08-29,45.13695526123047
2017-08-30,45.855743408203125
2017-08-31,46.48468017578125
2017-09-01,47.317832946777344
2017-09-05,46.42750930786133
2017-09-06,46.38667297363281
2017-09-07,46.12528991699219
2017-09-08,46.12528991699219
2017-09-11,47.170814514160156
2017-09-12,47.35050964355469
2017-09-13,46.827735900878906
2017-09-14,46.90125274658203
2017-09-15,47.0156135559082
2017-09-18,47.16263961791992
2017-09-19,46.83591079711914
2017-09-20,47.57920837402344
2017-09-21,47.05644989013672
2017-09-22,45.47184371948242
2017-09-25,45.096099853515625
2017-09-26,45.4146728515625
2017-09-27,46.01093673706055
2017-09-28,46.378509521484375
2017-09-29,46.3376579284668
2017-10-02,47.43218994140625
2017-10-03,47.42402267456055
2017-10-04,47.53020095825195
2017-10-05,47.28516387939453
2017-10-06,47.51386642456055
2017-10-09,47.816097259521484
2017-10-10,48.16731643676758
2017-10-11,47.84058380126953
2017-10-12,47.95493698120117
2017-10-13,48.07746887207031
2017-10-16,48.29800033569336
2017-10-17,48.681907653808594
2017-10-18,48.681907653808594
2017-10-19,48.681907653808594
2017-10-20,49.4415283203125
2017-10-23,49.6294059753418
2017-10-24,49.88261795043945
2017-10-25,49.800941467285156
2017-10-26,49.39252853393555
2017-10-27,49.686580657958984
2017-10-30,49.27001190185547
2017-10-31,50.09498977661133
2017-11-01,50.09498977661133
2017-11-02,48.861610412597656
2017-11-03,48.967777252197266
2017-11-06,48.41236114501953
2017-11-07,48.150978088378906
2017-11-08,48.46953201293945
2017-11-09,48.56827163696289
2017-11-10,48.263832092285156
2017-11-13,48.41193771362305
2017-11-14,48.263832092285156
2017-11-15,48.34611511230469
2017-11-16,48.6670036315918
2017-11-17,48.95497512817383
2017-11-20,48.0910530090332
2017-11-21,48.263832092285156
2017-11-22,48.370811462402344
2017-11-24,48.42839431762695
2017-11-27,48.28852844238281
2017-11-28,48.773956298828125
2017-11-29,49.580284118652344
2017-11-30,51.34923553466797
2017-12-01,51.34102249145508
2017-12-04,52.221378326416016
2017-12-05,52.089744567871094
2017-12-06,52.180233001708984
2017-12-07,52.2954216003418
2017-12-08,53.003013610839844
2017-12-11,53.003013610839844
2017-12-12,52.608089447021484
2017-12-13,52.9042854309082
2017-12-14,51.464420318603516
2017-12-15,51.92517852783203
2017-12-18,52.54225158691406
2017-12-19,52.16378402709961
2017-12-20,52.435306549072266
2017-12-21,52.52579879760742
2017-12-22,52.435306549072266
2017-12-26,52.04037094116211
2017-12-27,51.90049362182617
2017-12-28,51.999229431152344
2017-12-29,52.0074462890625
2018-01-02,53.241615295410156
2018-01-03,53.8093376159668
2018-01-04,55.15868377685547
2018-01-05,55.380821228027344
2018-01-08,55.751068115234375
2018-01-09,55.45487976074219
2018-01-10,55.463096618652344
2018-01-11,56.1624641418457
2018-01-12,56.93585968017578
2018-01-16,56.51625442504883
2018-01-17,56.99346160888672
2018-01-18,55.973209381103516
2018-01-19,56.90296173095703
2018-01-22,56.590293884277344
2018-01-23,56.285865783691406
2018-01-24,56.565616607666016
2018-01-25,56.84535217285156
2018-01-26,57.81623458862305
2018-01-29,56.285865783691406
2018-01-30,56.08018493652344
2018-01-31,54.82134246826172
2018-02-01,54.533363342285156
2018-02-02,55.32322692871094
2018-02-05,52.624534606933594
2018-02-06,53.1099853515625
2018-02-07,53.003013610839844
2018-02-08,50.13153839111328
2018-02-09,51.283416748046875
2018-02-12,52.056827545166016
2018-02-13,52.1884651184082
2018-02-14,52.9042854309082
2018-02-15,53.7657356262207
2018-02-16,54.933631896972656
2018-02-20,53.9313850402832
2018-02-21,53.94795227050781
2018-02-22,54.072200775146484
2018-02-23,54.75969696044922
2018-02-26,55.770233154296875
2018-02-27,55.215267181396484
2018-02-28,54.469783782958984
2018-03-01,53.81542205810547
2018-03-02,54.171607971191406
2018-03-05,54.66859436035156
2018-03-06,54.99991226196289
2018-03-07,54.8342399597168
2018-03-08,54.70999526977539
2018-03-09,55.55488204956055
2018-03-12,55.53831481933594
2018-03-13,55.505184173583984
2018-03-14,54.8342399597168
2018-03-15,55.09102249145508
2018-03-16,54.975059509277344
2018-03-19,53.691184997558594
2018-03-20,53.49237823486328
2018-03-21,53.707733154296875
2018-03-22,51.968292236328125
2018-03-23,50.560150146484375
2018-03-26,52.87115478515625
2018-03-27,52.55638885498047
2018-03-28,52.31617736816406
2018-03-29,53.152767181396484
2018-04-02,51.31391525268555
2018-04-03,52.324459075927734
2018-04-04,52.89598846435547
2018-04-05,53.38469696044922
2018-04-06,51.893733978271484
2018-04-09,52.183650970458984
2018-04-10,53.47581100463867
2018-04-11,53.219032287597656
2018-04-12,53.707733154296875
2018-04-13,53.84027099609375
2018-04-16,54.13845443725586
2018-04-17,54.75141143798828
2018-04-18,54.96677780151367
2018-04-19,55.173858642578125
2018-04-20,54.89221954345703
2018-04-23,54.975059509277344
2018-04-24,53.591773986816406
2018-04-25,53.9231071472168
2018-04-26,53.30186080932617
2018-04-27,50.35307693481445
2018-04-30,49.002933502197266
2018-05-01,49.54961013793945
2018-05-02,48.50594711303711
2018-05-03,48.7479248046875
2018-05-04,49.57402420043945
2018-05-07,50.06634521484375
2018-05-08,50.15812301635742
2018-05-09,50.46687698364258
2018-05-10,50.52528381347656
2018-05-11,50.92581558227539
2018-05-14,51.076019287109375
2018-05-15,50.78396224975586
2018-05-16,51.64342498779297
2018-05-17,51.96886444091797
2018-05-18,51.81032180786133
2018-05-21,51.22621154785156
2018-05-22,51.201175689697266
2018-05-23,50.7088623046875
2018-05-24,50.617069244384766
2018-05-25,50.032962799072266
2018-05-29,49.25693130493164
2018-05-30,49.8660774230957
2018-05-31,49.131771087646484
2018-06-01,50.16647720336914
2018-06-04,50.63376998901367
2018-06-05,50.7088623046875
2018-06-06,50.825679779052734
2018-06-07,50.53363037109375
2018-06-08,50.86739730834961
2018-06-11,51.2679328918457
2018-06-12,51.585025787353516
2018-06-13,50.48357009887695
2018-06-14,50.48357009887695
2018-06-15,49.90780258178711
2018-06-18,49.56568145751953
2018-06-19,48.80634689331055
2018-06-20,48.78131103515625
2018-06-21,47.930179595947266
2018-06-22,48.372432708740234
2018-06-25,48.589385986328125
2018-06-26,48.62276077270508
2018-06-27,47.98858642578125
2018-06-28,47.596405029296875
2018-06-29,47.5797233581543
2018-07-02,47.50460433959961
2018-07-03,47.22090530395508
2018-07-05,47.3210334777832
2018-07-06,47.49626541137695
2018-07-09,48.1387825012207
2018-07-10,48.489253997802734
2018-07-11,47.8133544921875
2018-07-12,48.305667877197266
2018-07-13,47.930179595947266
2018-07-16,47.596405029296875
2018-07-17,47.805015563964844
2018-07-18,48.097068786621094
2018-07-19,48.22222900390625
2018-07-20,47.980247497558594
2018-07-23,47.71323013305664
2018-07-24,47.94686508178711
2018-07-25,47.75494384765625
2018-07-26,47.054012298583984
2018-07-27,46.828712463378906
2018-07-30,47.805015563964844
2018-07-31,48.380775451660156
2018-08-01,47.66315460205078
2018-08-02,46.236263275146484
2018-08-03,46.57838821411133
2018-08-06,46.9705810546875
2018-08-07,47.32938003540039
2018-08-08,46.87043762207031
2018-08-09,46.71908187866211
2018-08-10,46.24819564819336
2018-08-13,46.00433349609375
2018-08-14,47.00497817993164
2018-08-15,46.21455383300781
2018-08-16,46.34909439086914
2018-08-17,46.517269134521484
2018-08-20,46.752723693847656
2018-08-21,46.66862869262695
2018-08-22,46.1136589050293
2018-08-23,46.09683609008789
2018-08-24,46.58454132080078
2018-08-27,47.16474151611328
2018-08-28,46.84520721435547
2018-08-29,47.038612365722656
2018-08-30,46.693851470947266
2018-08-31,46.31547164916992
2018-09-04,45.5250358581543
2018-09-05,46.3995475769043
2018-09-06,46.14728927612305
2018-09-07,46.23136901855469
2018-09-10,46.73589324951172
2018-09-11,46.483638763427734
2018-09-12,46.32387161254883
2018-09-13,46.67703628540039
2018-09-14,46.937713623046875
2018-09-17,47.04702377319336
2018-09-18,47.223609924316406
2018-09-19,47.60199737548828
2018-09-20,47.79541015625
2018-09-21,47.3665657043457
2018-09-24,46.626590728759766
2018-09-25,45.55027389526367
2018-09-26,45.146644592285156
2018-09-27,45.012115478515625
2018-09-28,44.93641662597656
2018-10-01,45.07096481323242
2018-10-02,44.877559661865234
2018-10-03,43.55738830566406
2018-10-04,43.38080596923828
2018-10-05,42.51469802856445
2018-10-08,41.312255859375
2018-10-09,38.049652099609375
2018-10-10,36.687435150146484
2018-10-11,35.27476119995117
2018-10-12,35.829734802246094
2018-10-15,35.611106872558594
2018-10-16,36.250186920166016
2018-10-17,36.2838134765625
2018-10-18,35.89701461791992
2018-10-19,35.720420837402344
2018-10-22,33.86209487915039
2018-10-23,34.9804573059082
2018-10-24,33.660274505615234
2018-10-25,34.93840408325195
2018-10-26,34.93840408325195
2018-10-29,34.42546463012695
2018-10-30,36.023128509521484
2018-10-31,36.132450103759766
2018-11-01,37.63761520385742
2018-11-02,37.561946868896484
2018-11-05,38.15055465698242
2018-11-06,39.29414749145508
2018-11-07,39.353004455566406
2018-11-08,39.35725402832031
2018-11-09,38.898719787597656
2018-11-12,38.03260803222656
2018-11-13,38.49113845825195
2018-11-14,38.686431884765625
2018-11-15,38.576053619384766
2018-11-16,39.18743133544922
2018-11-19,39.11949920654297
2018-11-20,38.83079147338867
2018-11-21,38.67793655395508
2018-11-23,38.48265075683594
2018-11-26,39.42518615722656
2018-11-27,39.53557205200195
2018-11-28,39.442169189453125
2018-11-29,39.35725402832031
2018-11-30,40.002593994140625
2018-12-03,40.138458251953125
2018-12-04,39.49311447143555
2018-12-06,39.23837661743164
2018-12-07,38.45716857910156
2018-12-10,37.54010772705078
2018-12-11,37.5316162109375
2018-12-12,37.70993423461914
2018-12-13,37.242923736572266
2018-12-14,37.67597198486328
2018-12-17,34.1265983581543
2018-12-18,34.17754364013672
2018-12-19,33.42182159423828
2018-12-20,32.50474548339844
2018-12-21,31.366920471191406
2018-12-24,29.923402786254883
2018-12-26,31.681102752685547
2018-12-27,32.20756530761719
2018-12-28,31.64713478088379
2018-12-31,32.06320571899414
2019-01-02,33.02272415161133
2019-01-03,32.462310791015625
2019-01-04,33.86336898803711
2019-01-07,33.92280197143555
2019-01-08,33.82940673828125
2019-01-09,33.11613845825195
2019-01-10,34.21151351928711
2019-01-11,34.77193832397461
2019-01-14,34.135093688964844
2019-01-15,34.28793716430664
2019-01-16,34.23698806762695
2019-01-17,34.44926834106445
2019-01-18,35.17102813720703
2019-01-22,35.035179138183594
2019-01-23,34.83987045288086
2019-01-24,35.51918029785156
2019-01-25,35.9097785949707
2019-01-28,35.39180374145508
2019-01-29,35.196510314941406
2019-01-30,35.20499801635742
2019-01-31,34.568145751953125
2019-02-01,32.861392974853516
2019-02-04,32.26700210571289
2019-02-05,32.48777770996094
2019-02-06,32.810455322265625
2019-02-07,32.182090759277344
2019-02-08,32.10567092895508
2019-02-11,31.986799240112305
2019-02-12,32.8698844909668
2019-02-13,33.235008239746094
2019-02-14,32.972991943359375
2019-02-15,33.548583984375
2019-02-19,33.729007720947266
2019-02-20,34.639671325683594
2019-02-21,33.729007720947266
2019-02-22,33.73759841918945
2019-02-25,34.08124542236328
2019-02-26,33.70323181152344
2019-02-27,33.1619873046875
2019-02-28,32.11386489868164
2019-03-01,32.259910583496094
2019-03-04,32.912837982177734
2019-03-05,33.10184860229492
2019-03-06,32.5520133972168
2019-03-07,32.13963317871094
2019-03-08,32.3887825012207
2019-03-11,33.32522201538086
2019-03-12,33.9781494140625
2019-03-13,34.00393295288086
2019-03-14,33.643104553222656
2019-03-15,32.259910583496094
2019-03-18,32.88705825805664
2019-03-19,33.04171371459961
2019-03-20,32.345829010009766
2019-03-21,32.732425689697266
2019-03-22,31.572622299194336
2019-03-25,31.452346801757812
2019-03-26,32.35442352294922
2019-03-27,32.26850509643555
2019-03-28,32.62934112548828
2019-03-29,32.94720458984375
2019-04-01,34.16716003417969
2019-04-02,33.46268844604492
2019-04-03,34.210113525390625
2019-04-04,33.660282135009766
2019-04-05,34.27024841308594
2019-04-08,33.98674774169922
2019-04-09,33.43690872192383
2019-04-10,33.49705123901367
2019-04-11,33.505638122558594
2019-04-12,33.96955871582031
2019-04-15,33.27367401123047
2019-04-16,31.684307098388672
2019-04-17,30.498722076416016
2019-04-18,30.490135192871094
2019-04-22,30.75645637512207
2019-04-23,31.357837677001953
2019-04-24,31.6413516998291
2019-04-25,31.452346801757812
2019-04-26,31.881900787353516
2019-04-29,31.83035659790039
2019-04-30,32.972991943359375
2019-05-01,32.6379280090332
2019-05-02,33.09325408935547
2019-05-03,33.75477600097656
2019-05-06,32.98157501220703
2019-05-07,32.90425109863281
2019-05-08,32.749610900878906
2019-05-09,32.301822662353516
2019-05-10,32.37137222290039
2019-05-13,31.40623664855957
2019-05-14,32.33660125732422
2019-05-15,32.5539665222168
2019-05-16,32.536582946777344
2019-05-17,31.875770568847656
2019-05-20,30.562828063964844
2019-05-21,31.249731063842773
2019-05-22,30.623693466186523
2019-05-23,30.154170989990234
2019-05-24,30.29327964782715
2019-05-28,29.58029556274414
2019-05-29,29.241188049316406
2019-05-30,28.8325252532959
2019-05-31,28.345603942871094
2019-06-03,28.902084350585938
2019-06-04,30.9540958404541
2019-06-05,31.19756317138672
2019-06-06,31.867074966430664
2019-06-07,31.667081832885742
2019-06-10,31.675777435302734
2019-06-11,31.745336532592773
2019-06-12,31.562744140625
2019-06-13,32.310516357421875
2019-06-14,31.34537696838379
2019-06-17,30.74541664123535
2019-06-18,31.284503936767578
2019-06-19,31.171480178833008
2019-06-20,31.736648559570312
2019-06-21,31.927942276000977
2019-06-24,30.58890724182129
2019-06-25,30.128080368041992
2019-06-26,30.206327438354492
2019-06-27,31.08452606201172
2019-06-28,31.7105655670166
2019-07-01,32.56266784667969
2019-07-02,32.37137222290039
2019-07-03,33.14522933959961
2019-07-05,33.10175323486328
2019-07-08,32.849609375
2019-07-09,32.536582946777344
2019-07-10,32.519203186035156
2019-07-11,31.46710205078125
2019-07-12,32.1279182434082
2019-07-15,31.171480178833008
2019-07-16,31.136699676513672
2019-07-17,30.728029251098633
2019-07-18,30.641082763671875
2019-07-19,31.501888275146484
2019-07-22,31.032350540161133
2019-07-23,31.971418380737305
2019-07-24,31.988798141479492
2019-07-25,32.26704406738281
2019-07-26,31.858375549316406
2019-07-29,31.954025268554688
2019-07-30,32.301822662353516
2019-07-31,31.34537696838379
2019-08-01,32.3974609375
2019-08-02,32.04096984863281
2019-08-05,30.58021354675293
2019-08-06,30.275896072387695
2019-08-07,30.249805450439453
2019-08-08,30.677099227905273
2019-08-09,30.23658561706543
2019-08-12,29.267473220825195
2019-08-13,30.52733039855957
2019-08-14,29.285091400146484
2019-08-15,28.72123146057129
2019-08-16,29.382003784179688
2019-08-19,29.937047958374023
2019-08-20,29.293909072875977
2019-08-21,29.575828552246094
2019-08-22,29.628692626953125
2019-08-23,28.492172241210938
2019-08-26,28.96792221069336
2019-08-27,28.46574592590332
2019-08-28,29.496536254882812
2019-08-29,30.05158042907715
2019-08-30,30.113245010375977
2019-09-03,29.08245849609375
2019-09-04,29.94585418701172
2019-09-05,30.774015426635742
2019-09-06,30.941404342651367
2019-09-09,31.672657012939453
2019-09-10,33.355403900146484
2019-09-11,34.43024444580078
2019-09-12,33.866397857666016
2019-09-13,34.43907165527344
2019-09-16,33.408260345458984
2019-09-17,32.80917739868164
2019-09-18,32.42151641845703
2019-09-19,31.619792938232422
2019-09-20,31.637407302856445
2019-09-23,31.8576717376709
2019-09-24,31.619792938232422
2019-09-25,32.06911849975586
2019-09-26,32.007442474365234
2019-09-27,32.13959503173828
2019-09-30,32.1131591796875
2019-10-01,30.71234703063965
2019-10-02,29.892995834350586
2019-10-03,29.48772621154785
2019-10-04,30.016340255737305
2019-10-07,29.96347427368164
2019-10-08,29.575828552246094
2019-10-09,29.954666137695312
2019-10-10,31.196903228759766
2019-10-11,32.21888732910156
2019-10-14,31.743135452270508
2019-10-15,31.93695640563965
2019-10-16,31.989816665649414
2019-10-17,31.892919540405273
2019-10-18,32.33341979980469
2019-10-21,32.70344924926758
2019-10-22,33.170379638671875
2019-10-23,33.698997497558594
2019-10-24,33.12633514404297
2019-10-25,33.4875602722168
2019-10-28,33.866397857666016
2019-10-29,33.45231628417969
2019-10-30,33.17919921875
2019-10-31,32.9236946105957
2019-11-01,34.18355941772461
2019-11-04,34.50954818725586
2019-11-05,34.906002044677734
2019-11-06,34.57121276855469
2019-11-07,34.39501190185547
2019-11-08,35.02052688598633
2019-11-11,34.7033576965332
2019-11-12,35.804630279541016
2019-11-13,35.56675720214844
2019-11-14,35.68128967285156
2019-11-15,35.20553970336914
2019-11-18,35.673519134521484
2019-11-19,35.602210998535156
2019-11-20,34.53254318237305
2019-11-21,34.15815353393555
2019-11-22,34.594940185546875
2019-11-25,35.423927307128906
2019-11-26,36.09248733520508
2019-11-27,36.244014739990234
2019-11-29,35.949859619140625
2019-12-02,36.01226043701172
2019-12-03,35.209991455078125
2019-12-04,35.10302734375
2019-12-05,35.63785934448242
2019-12-06,36.75210189819336
2019-12-09,36.44902801513672
2019-12-10,35.71808624267578
2019-12-11,36.02117156982422
2019-12-12,36.761016845703125
2019-12-13,36.44902801513672
2019-12-16,36.45794677734375
2019-12-17,37.447391510009766
2019-12-18,37.56327819824219
2019-12-19,37.65241622924805
2019-12-20,37.86634826660156
2019-12-23,38.490318298339844
2019-12-24,38.11593246459961
2019-12-26,38.303131103515625
2019-12-27,38.00896453857422
2019-12-30,37.97331237792969
2019-12-31,38.24964904785156
2020-01-02,38.73100280761719
2020-01-03,38.04463195800781
2020-01-06,37.4652214050293
2020-01-07,37.04627227783203
2020-01-08,37.206722259521484
2020-01-09,37.946571350097656
2020-01-10,37.581111907958984
2020-01-13,37.91092300415039
2020-01-14,37.937652587890625
2020-01-15,38.01789093017578
2020-01-16,38.72208786010742
2020-01-17,38.93601608276367
2020-01-21,37.0819206237793
2020-01-22,37.13540267944336
2020-01-23,37.48305130004883
2020-01-24,36.493595123291016
2020-01-27,35.71808624267578
2020-01-28,36.10139465332031
2020-01-29,36.19944763183594
2020-01-30,35.673519134521484
2020-01-31,34.764305114746094
2020-02-03,35.18326187133789
2020-02-04,35.38827133178711
2020-02-05,37.206722259521484
2020-02-06,37.144317626953125
2020-02-07,36.743194580078125
2020-02-10,36.50251388549805
2020-02-11,37.420650482177734
2020-02-12,37.3849983215332
2020-02-13,36.73149108886719
2020-02-14,36.53318405151367
2020-02-18,36.88471984863281
2020-02-19,36.47911071777344
2020-02-20,36.551212310791016
2020-02-21,36.82162857055664
2020-02-24,33.865081787109375
2020-02-25,31.503450393676758
2020-02-26,31.422325134277344
2020-02-27,29.493358612060547
2020-02-28,29.971097946166992
2020-03-02,30.818397521972656
2020-03-03,29.36716651916504
2020-03-04,30.277565002441406
2020-03-05,28.177331924438477
2020-03-06,27.11370086669922
2020-03-09,23.98589324951172
2020-03-10,26.104143142700195
2020-03-11,23.643360137939453
2020-03-12,19.902606964111328
2020-03-13,23.318862915039062
2020-03-16,20.290203094482422
2020-03-17,23.52618408203125
2020-03-18,21.13750648498535
2020-03-19,22.678878784179688
2020-03-20,23.00337791442871
2020-03-23,22.363393783569336
2020-03-24,23.65237808227539
2020-03-25,23.751527786254883
2020-03-26,25.59035301208496
2020-03-27,25.139663696289062
2020-03-30,26.140201568603516
2020-03-31,25.473173141479492
2020-04-01,24.07602882385254
2020-04-02,24.148136138916016
2020-04-03,23.147598266601562
2020-04-06,26.1131591796875
2020-04-07,26.086118698120117
2020-04-08,27.663545608520508
2020-04-09,28.98858070373535
2020-04-13,29.240968704223633
2020-04-14,28.763235092163086
2020-04-15,27.321016311645508
2020-04-16,25.977949142456055
2020-04-17,27.663545608520508
2020-04-20,26.7351131439209
2020-04-21,26.203298568725586
2020-04-22,25.66246795654297
2020-04-23,26.032033920288086
2020-04-24,26.032033920288086
2020-04-27,27.48326873779297
2020-04-28,29.655609130859375
2020-04-29,30.78234100341797
2020-04-30,29.015623092651367
2020-05-01,27.798749923706055
2020-05-04,27.321016311645508
2020-05-05,22.588741302490234
2020-05-06,22.26424217224121
2020-05-07,22.615781784057617
2020-05-08,24.337430953979492
2020-05-11,23.409000396728516
2020-05-12,22.714933395385742
2020-05-13,21.77749252319336
2020-05-14,22.74197769165039
2020-05-15,21.822559356689453
2020-05-18,23.522193908691406
2020-05-19,22.695100784301758
2020-05-20,23.113189697265625
2020-05-21,22.858699798583984
2020-05-22,23.040481567382812
2020-05-26,24.540157318115234
2020-05-27,26.50337028503418
2020-05-28,26.23979377746582
2020-05-29,25.503582000732422
2020-06-01,25.97620964050293
2020-06-02,25.77625274658203
2020-06-03,27.1486873626709
2020-06-04,27.893980026245117
2020-06-05,29.13007164001465
2020-06-08,29.993526458740234
2020-06-09,29.00282859802246
2020-06-10,27.612218856811523
2020-06-11,25.121850967407227
2020-06-12,25.639917373657227
2020-06-15,25.685359954833984
2020-06-16,26.29431915283203
2020-06-17,26.14889907836914
2020-06-18,25.767160415649414
2020-06-19,25.73989486694336
2020-06-22,24.885534286499023
2020-06-23,24.967334747314453
2020-06-24,23.813037872314453
2020-06-25,24.185688018798828
2020-06-26,24.285663604736328
2020-06-29,25.221826553344727
2020-06-30,25.685359954833984
2020-07-01,25.140026092529297
2020-07-02,25.630828857421875
2020-07-06,26.15798568725586
2020-07-07,25.503582000732422
2020-07-08,24.967334747314453
2020-07-09,23.83121681213379
2020-07-10,25.221826553344727
2020-07-13,25.31271743774414
2020-07-14,26.494277954101562
2020-07-15,27.403173446655273
2020-07-16,27.921245574951172
2020-07-17,27.239572525024414
2020-07-20,26.694236755371094
2020-07-21,27.012346267700195
2020-07-22,27.13959503173828
2020-07-23,27.403173446655273
2020-07-24,27.457704544067383
2020-07-27,27.457704544067383
2020-07-28,26.78512191772461
2020-07-29,27.50315284729004
2020-07-30,25.685359954833984
2020-07-31,24.41291046142578
2020-08-03,25.285451889038086
2020-08-04,26.603347778320312
2020-08-05,27.121416091918945
2020-08-06,26.803300857543945
2020-08-07,26.421567916870117
2020-08-10,27.857616424560547
2020-08-11,28.0848445892334
2020-08-12,27.539506912231445
2020-08-13,27.164386749267578
2020-08-14,27.713346481323242
2020-08-17,27.22842788696289
2020-08-18,26.62457847595215
2020-08-19,26.761816024780273
2020-08-20,26.3409481048584
2020-08-21,26.039016723632812
2020-08-24,28.619131088256836
2020-08-25,27.98782730102539
2020-08-26,27.942079544067383
2020-08-27,28.2165584564209
2020-08-28,28.417842864990234
2020-08-31,27.74994659423828
2020-09-01,29.341930389404297
2020-09-02,29.900035858154297
2020-09-03,29.186386108398438
2020-09-04,29.771944046020508
2020-09-08,29.22298812866211
2020-09-09,29.643857955932617
2020-09-10,29.1589412689209
2020-09-11,29.735347747802734
2020-09-14,31.418827056884766
2020-09-15,32.891868591308594
2020-09-16,33.257843017578125
2020-09-17,34.4381103515625
2020-09-18,33.129756927490234
2020-09-21,32.1965217590332
2020-09-22,31.455425262451172
2020-09-23,30.037275314331055
2020-09-24,30.24771499633789
2020-09-25,32.76377868652344
2020-09-28,32.00438690185547
2020-09-29,31.33648681640625
2020-09-30,31.784799575805664
2020-10-01,31.162647247314453
2020-10-02,32.040985107421875
2020-10-05,33.64211654663086
2020-10-06,33.03826141357422
2020-10-07,34.026390075683594
2020-10-08,34.55705642700195
2020-10-09,34.584495544433594
2020-10-12,35.66412353515625
2020-10-13,34.69429016113281
2020-10-14,34.858978271484375
2020-10-15,36.26797103881836
2020-10-16,37.493988037109375
2020-10-19,37.58548355102539
2020-10-20,36.70714569091797
2020-10-21,36.89013671875
2020-10-22,36.96332931518555
2020-10-23,36.81694030761719
2020-10-26,35.417083740234375
2020-10-27,35.041969299316406
2020-10-28,33.60552215576172
2020-10-29,34.245967864990234
2020-10-30,34.35576629638672
2020-11-02,35.78306198120117
2020-11-03,36.37777328491211
2020-11-04,35.234100341796875
2020-11-05,35.89285659790039
2020-11-06,35.700714111328125
2020-11-09,36.9084358215332
2020-11-10,38.18019104003906
2020-11-11,37.71357345581055
2020-11-12,35.801231384277344
2020-11-13,37.18951416015625
2020-11-16,39.1202392578125
2020-11-17,40.09480667114258
2020-11-18,40.2510986328125
2020-11-19,39.157020568847656
2020-11-20,38.807655334472656
2020-11-23,39.64430618286133
2020-11-24,41.76810836791992
2020-11-25,40.50852584838867
2020-11-27,40.50852584838867
2020-11-30,38.807655334472656
2020-12-01,39.61671447753906
2020-12-02,39.966087341308594
2020-12-03,39.40525817871094
2020-12-04,40.89468002319336
2020-12-07,40.931453704833984
2020-12-08,41.47389221191406
2020-12-09,41.27163314819336
2020-12-10,40.3706169128418
2020-12-11,40.0212516784668
2020-12-14,39.55236053466797
2020-12-15,40.85790252685547
2020-12-16,40.6832160949707
2020-12-17,41.3543701171875
2020-12-18,41.02339553833008
2020-12-21,40.47175598144531
2020-12-22,40.297080993652344
2020-12-23,40.867088317871094
2020-12-24,40.89468002319336
2020-12-28,40.3706169128418
2020-12-29,39.59833908081055
2020-12-30,39.92930603027344
2020-12-31,40.0212516784668
2021-01-04,39.02830505371094
2021-01-05,40.00285720825195
2021-01-06,42.522010803222656
2021-01-07,42.135860443115234
2021-01-08,41.58422088623047
2021-01-11,42.70588302612305
2021-01-12,43.44139862060547
2021-01-13,43.1563835144043
2021-01-14,43.10122299194336
2021-01-15,41.997955322265625
2021-01-19,41.06016540527344
2021-01-20,41.832462310791016
2021-01-21,42.852989196777344
2021-01-22,42.90814971923828
2021-01-25,40.56369400024414
2021-01-26,40.30626678466797
2021-01-27,38.43989181518555
2021-01-28,37.419368743896484
2021-01-29,38.09053039550781
2021-02-01,38.0721321105957
2021-02-02,38.51344680786133
2021-02-03,39.11104965209961
2021-02-04,38.08133316040039
2021-02-05,39.60751724243164
2021-02-08,39.27654266357422
2021-02-09,40.2235221862793
2021-02-10,40.34359359741211
2021-02-11,39.79865264892578
2021-02-12,40.860816955566406
2021-02-16,40.41748046875
2021-02-17,40.63914489746094
2021-02-18,39.660118103027344
2021-02-19,40.59297180175781
2021-02-22,40.49136734008789
2021-02-23,41.655120849609375
2021-02-24,41.44269943237305
2021-02-25,40.83310317993164
2021-02-26,40.260467529296875
2021-03-01,42.643402099609375
2021-03-02,43.197574615478516
2021-03-03,44.25048828125
2021-03-04,44.69382858276367
2021-03-05,46.80891036987305
2021-03-08,49.11795425415039
2021-03-09,48.90552520751953
2021-03-10,48.68385696411133
2021-03-11,47.46467208862305
2021-03-12,47.63092803955078
2021-03-15,47.16912078857422
2021-03-16,46.71654510498047
2021-03-17,48.07426071166992
2021-03-18,48.25899124145508
2021-03-19,47.834129333496094
2021-03-22,46.420989990234375
2021-03-23,44.63841247558594
2021-03-24,45.6451416015625
2021-03-25,47.898780822753906
2021-03-26,49.48740005493164
2021-03-29,48.8778076171875
2021-03-30,49.15489959716797
2021-03-31,48.07426071166992
2021-04-01,48.20356750488281
2021-04-05,48.83163070678711
2021-04-06,49.53358459472656
2021-04-07,48.75774383544922
2021-04-08,48.720794677734375
2021-04-09,48.76697540283203
2021-04-12,50.143165588378906
2021-04-13,48.434471130371094
2021-04-14,49.13642883300781
2021-04-15,49.52434158325195
2021-04-16,50.45719528198242
2021-04-19,50.03232955932617
2021-04-20,49.311912536621094
2021-04-21,49.59823989868164
2021-04-22,48.48989486694336
2021-04-23,49.228782653808594
2021-04-26,49.49662780761719
2021-04-27,50.35559844970703
2021-04-28,50.70656967163086
2021-04-29,51.76873016357422
2021-04-30,51.49164581298828
2021-05-03,52.987911224365234
2021-05-04,53.41277313232422
2021-05-05,53.874576568603516
2021-05-06,55.53709030151367
2021-05-07,55.176883697509766
2021-05-10,55.1214599609375
2021-05-11,56.0820198059082
2021-05-12,53.966949462890625
2021-05-13,55.832645416259766
2021-05-14,55.94347381591797
2021-05-17,57.088768005371094
2021-05-18,55.3734130859375
2021-05-19,54.19585418701172
2021-05-20,53.630252838134766
2021-05-21,53.72296905517578
2021-05-24,54.01968002319336
2021-05-25,53.31499099731445
2021-05-26,53.305721282958984
2021-05-27,53.8342399597168
2021-05-28,54.075313568115234
2021-06-01,55.12306594848633
2021-06-02,54.4925537109375
2021-06-03,54.538917541503906
2021-06-04,54.67799758911133
2021-06-07,53.685874938964844
2021-06-08,53.98259735107422
2021-06-09,52.7772102355957
2021-06-10,52.06324768066406
2021-06-11,53.1666374206543
2021-06-14,51.24728775024414
2021-06-15,52.34141540527344
2021-06-16,51.2380256652832
2021-06-17,48.93852615356445
2021-06-18,48.24312210083008
2021-06-21,49.92137908935547
2021-06-22,49.69884490966797
2021-06-23,49.290870666503906
2021-06-24,49.476314544677734
2021-06-25,49.40214157104492
2021-06-28,49.11469268798828
2021-06-29,48.743812561035156
2021-06-30,49.34650421142578
2021-07-01,49.457763671875
2021-07-02,48.864349365234375
2021-07-06,47.547698974609375
2021-07-07,48.428565979003906
2021-07-08,47.96495056152344
2021-07-09,49.021976470947266
2021-07-12,48.95707321166992
2021-07-13,47.825862884521484
2021-07-14,47.529151916503906
2021-07-15,46.6297492980957
2021-07-16,45.44291687011719
2021-07-19,44.49715805053711
2021-07-20,44.970035552978516
2021-07-21,45.201839447021484
2021-07-22,44.46934127807617
2021-07-23,44.6640510559082
2021-07-26,45.63763427734375
2021-07-27,46.09196853637695
2021-07-28,46.13833236694336
2021-07-29,45.88798522949219
2021-07-30,45.62835693359375
2021-08-02,45.090576171875
2021-08-03,46.110511779785156
2021-08-04,45.19256591796875
2021-08-05,44.923675537109375
2021-08-06,45.257476806640625
2021-08-09,45.80453872680664
2021-08-10,47.334434509277344
2021-08-11,48.3451042175293
2021-08-12,48.168113708496094
2021-08-13,47.7116813659668
2021-08-16,47.72099685668945
2021-08-17,46.808128356933594
2021-08-18,46.27716827392578
2021-08-19,45.44812774658203
2021-08-20,46.044288635253906
2021-08-23,46.221275329589844
2021-08-24,47.24592971801758
2021-08-25,47.730316162109375
2021-08-26,47.02237319946289
2021-08-27,48.39168167114258
2021-08-30,47.78620147705078
2021-08-31,48.47551727294922
2021-09-01,48.20537567138672
2021-09-02,48.922637939453125
2021-09-03,48.997154235839844
2021-09-07,47.94456100463867
2021-09-08,47.90730285644531
2021-09-09,48.23332214355469
2021-09-10,48.31715393066406
2021-09-13,48.09360122680664
2021-09-14,47.09688949584961
2021-09-15,47.42292022705078
2021-09-16,47.180728912353516
2021-09-17,46.30510330200195
2021-09-20,45.327030181884766
2021-09-21,44.889225006103516
2021-09-22,45.50401306152344
2021-09-23,46.7708625793457
2021-09-24,46.99442672729492
2021-09-27,48.17743682861328
2021-09-28,48.41963195800781
2021-09-29,48.326473236083984
2021-09-30,46.416893005371094
2021-10-01,47.44154357910156
2021-10-04,47.75825881958008
2021-10-05,48.09360122680664
2021-10-06,47.12483215332031
2021-10-07,47.432228088378906
2021-10-08,46.8360710144043
2021-10-11,47.693058013916016
2021-10-12,47.730316162109375
2021-10-13,46.44483947753906
2021-10-14,45.94182586669922
2021-10-15,43.38018035888672
2021-10-18,44.488677978515625
2021-10-19,44.89854049682617
2021-10-20,45.61580276489258
2021-10-21,45.25251770019531
2021-10-22,45.2618293762207
2021-10-25,45.24319076538086
2021-10-26,45.61580276489258
2021-10-27,44.43278121948242
2021-10-28,45.587852478027344
2021-10-29,44.80538558959961
2021-11-01,44.51662063598633
2021-11-02,43.91114044189453
2021-11-03,45.10346984863281
2021-11-04,44.68429946899414
2021-11-05,45.42018127441406
2021-11-08,45.755516052246094
2021-11-09,45.334205627441406
2021-11-10,45.90532684326172
2021-11-11,46.52326583862305
2021-11-12,45.877235412597656
2021-11-15,45.99895477294922
2021-11-16,46.05513000488281
2021-11-17,45.8865966796875
2021-11-18,44.94096374511719
2021-11-19,43.78935623168945
2021-11-22,45.07204818725586
2021-11-23,44.93160629272461
2021-11-24,43.854896545410156
2021-11-26,43.38676452636719
2021-11-29,43.18077850341797
2021-11-30,40.624759674072266
2021-12-01,40.74647903442383
2021-12-02,42.104068756103516
2021-12-03,41.907447814941406
2021-12-06,42.581565856933594
2021-12-07,42.3100471496582
2021-12-08,41.73892593383789
2021-12-09,41.233341217041016
2021-12-10,40.84010696411133
2021-12-13,40.278343200683594
2021-12-14,40.549861907958984
2021-12-15,40.78392791748047
2021-12-16,42.15087890625
2021-12-17,41.13970947265625
2021-12-20,39.77275848388672
2021-12-21,40.559226989746094
2021-12-22,40.1285400390625
2021-12-23,40.25961685180664
2021-12-27,40.97117614746094
2021-12-28,41.373783111572266
2021-12-29,41.458045959472656
2021-12-30,41.40187072753906
2021-12-31,41.5329475402832
2022-01-03,41.373783111572266
2022-01-04,42.85308837890625
2022-01-05,43.236961364746094
2022-01-06,43.190147399902344
2022-01-07,43.948516845703125
2022-01-10,42.675193786621094
2022-01-11,43.01224899291992
2022-01-12,43.06843566894531
2022-01-13,44.238773345947266
2022-01-14,43.92042922973633
2022-01-18,42.81563186645508
2022-01-19,43.321224212646484
2022-01-20,42.35686111450195
2022-01-21,41.083534240722656
2022-01-24,42.12279510498047
2022-01-25,41.289512634277344
2022-01-26,40.624759674072266
2022-01-27,41.06481170654297
2022-01-28,41.589115142822266
2022-01-31,43.218231201171875
2022-02-01,43.3680305480957
2022-02-02,42.93735122680664
2022-02-03,43.190147399902344
2022-02-04,42.47858428955078
2022-02-07,42.40367889404297
2022-02-08,44.1170539855957
2022-02-09,44.379207611083984
2022-02-10,43.92741012573242
2022-02-11,43.72975158691406
2022-02-14,43.09912872314453
2022-02-15,44.65216064453125
2022-02-16,44.38861846923828
2022-02-17,43.776817321777344
2022-02-18,43.90858840942383
2022-02-22,43.73917007446289
2022-02-23,42.37437057495117
2022-02-24,41.894344329833984
2022-02-25,43.522682189941406
2022-02-28,42.60968017578125
2022-03-01,40.84016418457031
2022-03-02,41.39549255371094
2022-03-03,41.72492980957031
2022-03-04,41.141357421875
2022-03-07,39.070640563964844
2022-03-08,38.38353729248047
2022-03-09,39.99304962158203
2022-03-10,40.10599899291992
2022-03-11,40.75545120239258
2022-03-14,43.023826599121094
2022-03-15,43.334434509277344
2022-03-16,44.55804443359375
2022-03-17,45.00983428955078
2022-03-18,44.783935546875
2022-03-21,44.15330505371094
2022-03-22,44.55804443359375
2022-03-23,43.409732818603516
2022-03-24,44.35097122192383
2022-03-25,45.141605377197266
2022-03-28,44.71805191040039
2022-03-29,45.169837951660156
2022-03-30,44.55804443359375
2022-03-31,44.266258239746094
2022-04-01,44.41685104370117
2022-04-04,44.3321418762207
2022-04-05,44.012123107910156
2022-04-06,43.870941162109375
2022-04-07,43.579158782958984
2022-04-08,44.407440185546875
2022-04-11,44.80276107788086
2022-04-12,45.066307067871094
2022-04-13,46.57228469848633
2022-04-14,46.99583435058594
2022-04-18,47.334678649902344
2022-04-19,48.30415725708008
2022-04-20,49.1324462890625
2022-04-21,49.1324462890625
2022-04-22,47.457035064697266
2022-04-25,46.81700897216797
2022-04-26,45.96989440917969
2022-04-27,46.43110275268555
2022-04-28,47.04290008544922
2022-04-29,46.61934280395508
2022-05-02,47.05231475830078
2022-05-03,48.162960052490234
2022-05-04,49.6595344543457
2022-05-05,51.005489349365234
2022-05-06,50.261924743652344
2022-05-09,48.294742584228516
2022-05-10,48.31357192993164
2022-05-11,47.53797149658203
2022-05-12,44.88962173461914
2022-05-13,43.70732116699219
2022-05-16,43.80190658569336
2022-05-17,45.52334213256836
2022-05-18,42.799312591552734
2022-05-19,42.45881271362305
2022-05-20,41.768348693847656
2022-05-23,43.187110900878906
2022-05-24,42.789852142333984
2022-05-25,43.60327911376953
2022-05-26,44.83287048339844
2022-05-27,46.38405227661133
2022-05-31,45.86383819580078
2022-06-01,45.53279495239258
2022-06-02,46.762386322021484
2022-06-03,46.601600646972656
2022-06-06,45.95842361450195
2022-06-07,46.866424560546875
2022-06-08,45.97734069824219
2022-06-09,44.747745513916016
2022-06-10,42.67635726928711
2022-06-13,39.93341827392578
2022-06-14,40.45362854003906
2022-06-15,41.04950714111328
2022-06-16,39.05378341674805
2022-06-17,38.87407302856445
2022-06-21,37.9849853515625
2022-06-22,37.16209411621094
2022-06-23,36.76484680175781
2022-06-24,38.43898391723633
2022-06-27,38.77003479003906
2022-06-28,38.13631820678711
2022-06-29,38.03227615356445
2022-06-30,37.682308197021484
2022-07-01,37.95660400390625
2022-07-05,37.59718322753906
2022-07-06,38.07956314086914
2022-07-07,38.807857513427734
2022-07-08,38.16469192504883
2022-07-11,37.89985656738281
2022-07-12,38.30656814575195
2022-07-13,37.313438415527344
2022-07-14,36.831050872802734
2022-07-15,37.256683349609375
2022-07-18,36.935096740722656
2022-07-19,38.21198272705078
2022-07-20,38.77948760986328
2022-07-21,39.233489990234375
2022-07-22,39.091617584228516
2022-07-25,39.403743743896484
2022-07-26,38.50519561767578
2022-07-27,39.488868713378906
2022-07-28,39.867210388183594
2022-07-29,40.065834045410156
2022-08-01,39.89558410644531
2022-08-02,39.517242431640625
2022-08-03,39.79153823852539
2022-08-04,38.221439361572266
2022-08-05,38.01335525512695
2022-08-08,38.46735763549805
2022-08-09,38.647071838378906
2022-08-10,39.41320037841797
2022-08-11,39.93655776977539
2022-08-12,40.78343200683594
2022-08-15,40.26007843017578
2022-08-16,40.87858581542969
2022-08-17,40.031707763671875
2022-08-18,40.54555130004883
2022-08-19,39.57496643066406
2022-08-22,38.69002151489258
2022-08-23,39.43223190307617
2022-08-24,39.194339752197266
2022-08-25,41.049869537353516
2022-08-26,39.22289276123047
2022-08-29,39.26094436645508
2022-08-30,39.45126724243164
2022-08-31,38.623416900634766
2022-09-01,37.86217498779297
2022-09-02,37.71944046020508
2022-09-06,37.557682037353516
2022-09-07,38.49020004272461
2022-09-08,38.528263092041016
2022-09-09,38.832759857177734
2022-09-12,39.4036865234375
2022-09-13,37.424461364746094
2022-09-14,36.52049255371094
2022-09-15,36.71080017089844
2022-09-16,32.49543380737305
2022-09-19,34.27483367919922
2022-09-20,32.73332214355469
2022-09-21,31.98159408569336
2022-09-22,31.239389419555664
2022-09-23,30.54475212097168
2022-09-26,30.040433883666992
2022-09-27,29.983341217041016
2022-09-28,30.830223083496094
2022-09-29,29.859638214111328
2022-09-30,29.39337730407715
2022-10-03,30.373476028442383
2022-10-04,31.448728561401367
2022-10-05,31.15374755859375
2022-10-06,30.48766326904297
2022-10-07,29.831092834472656
2022-10-10,29.850126266479492
2022-10-11,29.888185501098633
2022-10-12,29.669326782226562
2022-10-13,30.535240173339844
2022-10-14,30.11655616760254
2022-10-17,30.811189651489258
2022-10-18,31.610488891601562
2022-10-19,30.89682960510254
2022-10-20,30.44008445739746
2022-10-21,31.267932891845703
2022-10-24,31.496305465698242
2022-10-25,31.857891082763672
2022-10-26,31.73419189453125
2022-10-27,32.067237854003906
2022-10-28,32.609622955322266
2022-10-31,32.4097900390625
2022-11-01,32.40027618408203
2022-11-02,31.943531036376953
2022-11-03,31.819826126098633
2022-11-04,32.942657470703125
2022-11-07,33.37085723876953
2022-11-08,33.64680862426758
2022-11-09,33.124149322509766
2022-11-10,35.435359954833984
2022-11-11,36.11625289916992
2022-11-14,35.53125762939453
2022-11-15,35.11888122558594
2022-11-16,34.75446701049805
2022-11-17,34.62020492553711
2022-11-18,35.01339340209961
2022-11-21,35.51207733154297
2022-11-22,36.00117492675781
2022-11-23,36.07789611816406
2022-11-25,35.9724006652832
2022-11-28,34.73528289794922
2022-11-29,35.21479415893555
2022-11-30,36.36559295654297
2022-12-01,36.46149826049805
2022-12-02,36.298465728759766
2022-12-05,35.14765548706055
2022-12-06,34.95585632324219
2022-12-07,34.46675491333008
2022-12-08,34.5243034362793
2022-12-09,34.40922164916992
2022-12-12,35.14765548706055
2022-12-13,35.3778190612793
2022-12-14,35.2723274230957
2022-12-15,34.322914123535156
2022-12-16,33.63241958618164
2022-12-19,33.37348937988281
2022-12-20,33.35430908203125
2022-12-21,33.80504608154297
2022-12-22,33.40226745605469
2022-12-23,34.006431579589844
2022-12-27,34.14069366455078
2022-12-28,33.45980453491211
2022-12-29,33.843406677246094
2022-12-30,33.71873474121094
2023-01-03,34.02561569213867
2023-01-04,34.88872146606445
2023-01-05,33.939308166503906
2023-01-06,35.2243766784668
2023-01-09,35.14765548706055
2023-01-10,35.205196380615234
2023-01-11,35.38740539550781
2023-01-12,35.84773635864258
2023-01-13,36.02994155883789
2023-01-17,35.57920837402344
2023-01-18,34.87913513183594
2023-01-19,34.95585632324219
2023-01-20,35.61756896972656
2023-01-23,35.47372055053711
2023-01-24,35.01339340209961
2023-01-25,35.17642593383789
2023-01-26,36.490264892578125
2023-01-27,36.46149826049805
2023-01-30,35.866912841796875
2023-01-31,37.631492614746094
2023-02-01,32.86521911621094
2023-02-02,34.01602554321289
2023-02-03,33.45980453491211
2023-02-06,32.759727478027344
2023-02-07,32.05964660644531
2023-02-08,31.551380157470703
2023-02-09,31.565881729125977
2023-02-10,31.972061157226562
2023-02-13,31.952720642089844
2023-02-14,31.914033889770508
2023-02-15,32.29119873046875
2023-02-16,32.001075744628906
2023-02-17,31.47884178161621
2023-02-21,29.931495666503906
2023-02-22,30.511751174926758
2023-02-23,30.7148380279541
2023-02-24,30.60845947265625
2023-02-27,30.59878921508789
2023-02-28,30.366683959960938
2023-03-01,30.888917922973633
2023-03-02,31.256412506103516
2023-03-03,31.894691467285156
2023-03-06,30.888917922973633
2023-03-07,30.22162437438965
2023-03-08,30.415042877197266
2023-03-09,29.699392318725586
2023-03-10,28.829008102416992
2023-03-13,27.49442481994629
2023-03-14,27.407386779785156
2023-03-15,26.624040603637695
2023-03-16,26.87548828125
2023-03-17,26.17917823791504
2023-03-20,27.4364013671875
2023-03-21,27.620145797729492
2023-03-22,27.59113311767578
2023-03-23,27.475082397460938
2023-03-24,27.668500900268555
2023-03-27,27.881261825561523
2023-03-28,28.132705688476562
2023-03-29,28.770986557006836
2023-03-30,28.858022689819336
2023-03-31,29.467288970947266
2023-04-03,29.51564598083496
2023-04-04,29.012760162353516
2023-04-05,29.051443099975586
2023-04-06,29.070783615112305
2023-04-10,29.12881088256836
2023-04-11,29.49630355834961
2023-04-12,29.18683433532715
2023-04-13,29.37058448791504
2023-04-14,29.18683433532715
2023-04-17,29.651039123535156
2023-04-18,29.66071128845215
2023-04-19,29.815444946289062
2023-04-20,30.047544479370117
2023-04-21,29.776762008666992
2023-04-24,29.844459533691406
2023-04-25,28.548555374145508
2023-04-26,28.132705688476562
2023-04-27,28.3841495513916
2023-04-28,28.9450626373291
2023-05-01,29.138477325439453
2023-05-02,28.35513687133789
2023-05-03,27.948955535888672
2023-05-04,27.407386779785156
2023-05-05,27.51376724243164
2023-05-08,27.25265121459961
2023-05-09,26.769105911254883
2023-05-10,27.24285125732422
2023-05-11,26.979116439819336
2023-05-12,26.96934700012207
2023-05-15,27.213546752929688
2023-05-16,26.25628662109375
2023-05-17,26.803293228149414
2023-05-18,26.949811935424805
2023-05-19,27.13540267944336
2023-05-22,27.36983299255371
2023-05-23,27.526123046875
2023-05-24,27.29169273376465
2023-05-25,27.125635147094727
2023-05-26,27.80939292907715
2023-05-30,27.94614601135254
2023-05-31,27.36006736755371
2023-06-01,26.881437301635742
2023-06-02,28.190343856811523
2023-06-05,27.936378479003906
2023-06-06,28.58106231689453
2023-06-07,29.675073623657227
2023-06-08,29.108530044555664
2023-06-09,28.922943115234375
2023-06-12,28.5712947845459
2023-06-13,29.001083374023438
2023-06-14,28.5517578125
2023-06-15,28.49315071105957
2023-06-16,28.795957565307617
2023-06-20,27.92660903930664
2023-06-21,27.516355514526367
2023-06-22,26.979116439819336
2023-06-23,26.59816551208496
2023-06-26,27.75078582763672
2023-06-27,28.0340576171875
2023-06-28,27.574962615966797
2023-06-29,28.0145206451416
2023-06-30,28.395471572875977
2023-07-03,28.629901885986328
2023-07-05,27.741016387939453
2023-07-06,27.789857864379883
2023-07-07,28.32709503173828
2023-07-10,28.102432250976562
2023-07-11,28.86433219909668
2023-07-12,29.03038787841797
2023-07-13,29.16714096069336
2023-07-14,29.040157318115234
2023-07-17,28.727581024169922
2023-07-18,29.069459915161133
2023-07-19,29.51878547668457
2023-07-20,29.645769119262695
2023-07-21,29.65553855895996
2023-07-24,30.04625701904297
2023-07-25,31.316091537475586
2023-07-26,31.53098487854004
2023-07-27,31.736114501953125
2023-07-28,32.23427963256836
2023-07-31,32.517547607421875
2023-08-01,32.009620666503906
2023-08-02,31.784957885742188
2023-08-03,33.74831771850586
2023-08-04,33.1036262512207
2023-08-07,33.62133026123047
2023-08-08,33.98274612426758
2023-08-09,33.69229507446289
2023-08-10,33.49538040161133
2023-08-11,33.318153381347656
2023-08-14,32.93416976928711
2023-08-15,32.27450180053711
2023-08-16,31.90036392211914
2023-08-17,31.959436416625977
2023-08-18,31.614835739135742
2023-08-21,31.033933639526367
2023-08-22,31.161928176879883
2023-08-23,31.575448989868164
2023-08-24,31.17177391052246
2023-08-25,31.280078887939453
2023-08-28,31.811750411987305
2023-08-29,32.25480651855469
2023-08-30,31.988975524902344
2023-08-31,32.20558166503906
2023-09-01,32.34341812133789
2023-09-05,31.555757522583008
2023-09-06,31.38838005065918
2023-09-07,32.717559814453125
2023-09-08,34.036895751953125
2023-09-11,33.53476333618164
2023-09-12,34.46026611328125
2023-09-13,35.21839141845703
2023-09-14,36.252201080322266
2023-09-15,35.966670989990234
2023-09-18,35.97652053833008
2023-09-19,36.32112121582031
2023-09-20,34.982093811035156
2023-09-21,34.60795593261719
2023-09-22,34.696571350097656
2023-09-25,35.385772705078125
2023-09-26,35.10024642944336
2023-09-27,35.19870376586914
2023-09-28,35.63191604614258
2023-09-29,35.247928619384766
2023-10-02,35.06085968017578
2023-10-03,35.03132247924805
2023-10-04,35.8485221862793
2023-10-05,35.31684875488281
2023-10-06,35.50392150878906
2023-10-09,35.8485221862793
2023-10-10,36.409732818603516
2023-10-11,36.705108642578125
2023-10-12,36.22266387939453
2023-10-13,36.3703498840332
2023-10-16,36.458961486816406
2023-10-17,36.57711410522461
2023-10-18,36.567264556884766
2023-10-19,34.79502487182617
2023-10-20,33.79075622558594
2023-10-23,33.24923324584961
2023-10-24,34.18458557128906
2023-10-25,34.09597396850586
2023-10-26,34.696571350097656
2023-10-27,34.65718460083008
2023-10-30,34.88364028930664
2023-10-31,35.37592697143555
2023-11-01,35.63191604614258
2023-11-02,36.38019943237305
2023-11-03,37.26631546020508
2023-11-06,37.24662780761719
2023-11-07,36.921714782714844
2023-11-08,36.8527946472168
2023-11-09,37.807838439941406
2023-11-10,37.93982696533203
2023-11-13,37.2352180480957
2023-11-14,38.178009033203125
2023-11-15,38.4062614440918
2023-11-16,37.304683685302734
2023-11-17,37.622257232666016
2023-11-20,36.41151428222656
2023-11-21,36.0443229675293
2023-11-22,36.629844665527344
2023-11-24,37.403926849365234
2023-11-27,37.622257232666016
2023-11-28,38.11846160888672
2023-11-29,39.795631408691406
2023-11-30,40.85750961303711
2023-12-01,41.41326141357422
2023-12-04,41.23462677001953
2023-12-05,40.14297866821289
2023-12-06,40.44070053100586
2023-12-07,40.65903091430664
2023-12-08,40.84758758544922
2023-12-11,41.026222229003906
2023-12-12,40.41093063354492
2023-12-13,41.433109283447266
2023-12-14,42.822486877441406
2023-12-15,42.21711349487305
2023-12-18,42.48506546020508
2023-12-19,42.95149612426758
2023-12-20,42.5942268371582
2023-12-21,41.591896057128906
2023-12-22,41.433109283447266
2023-12-26,41.81022644042969
2023-12-27,42.42552185058594
2023-12-28,41.80030059814453
2023-12-29,41.204856872558594
2024-01-02,41.46288299560547
2024-01-03,41.29417419433594
2024-01-04,41.839996337890625
2024-01-05,41.591896057128906
2024-01-08,42.286582946777344
2024-01-09,41.85984802246094
2024-01-10,41.542274475097656
2024-01-11,41.22470474243164
2024-01-12,41.373565673828125
2024-01-16,40.92698287963867
2024-01-17,40.182674407958984
2024-01-18,40.182674407958984
2024-01-19,39.68647003173828
2024-01-22,39.65669631958008
2024-01-23,40.123130798339844
2024-01-24,40.490318298339844
2024-01-25,42.107948303222656
2024-01-26,42.06825256347656
2024-01-29,41.49265670776367
2024-01-30,41.075843811035156
2024-01-31,39.95441818237305
2024-02-01,38.93223571777344
2024-02-02,38.535274505615234
2024-02-05,38.36656188964844
2024-02-06,38.07876205444336
2024-02-07,39.61699676513672
2024-02-08,42.81999969482422
2024-02-09,42.5
2024-02-12,42.65999984741211
2024-02-13,42.290000915527344
2024-02-14,42.619998931884766
2024-02-15,43.310001373291016
2024-02-16,43.709999084472656
,
